{
  "target": "logp",
  "source": "committed sample",
  "n_molecules": 300,
  "split": {
    "train": 240,
    "val": 30,
    "test": 30
  },
  "epochs": 60,
  "results": {
    "fingerprint_mlp": {
      "rmse": 1.0545161999328747,
      "mae": 0.8182874182860057,
      "r2": 0.6664876255585237
    },
    "smiles_cnn": {
      "rmse": 0.7073248813543274,
      "mae": 0.5525281846523284,
      "r2": 0.849947473836671
    },
    "smiles_rnn": {
      "rmse": 0.6196498546312396,
      "mae": 0.4731911559899648,
      "r2": 0.8848409311127312
    }
  }
}